model,dataset,strategy,success_at_k,execution_success_rate,conditional_success,code_failed,define_test_failed,run_test_failed
phi35mini,humaneval,repair,0.573170731707317,0.9451219512195121,0.6064516129032258,9,0,61
phi35mini,humaneval,single,0.036585365853658534,0.06707317073170732,0.5454545454545454,153,0,5
qwen25coder7b,humaneval,proposed_v1,0.9390243902439024,0.9939024390243902,0.9447852760736196,1,0,9
qwen25coder7b,humaneval,code_then_plan,0.926829268292683,0.9939024390243902,0.9325153374233128,0,0,0
qwen25coder7b,humaneval,code_then_plan_repair,0.9207317073170732,0.975609756097561,0.94375,0,0,0
qwen25coder7b,humaneval,repair,0.8414634146341463,0.8780487804878049,0.9583333333333334,20,0,6
qwen25coder7b,humaneval,single,0.7073170731707317,0.8841463414634146,0.8,19,0,29
qwen25coder7b,mbpp,single,0.4411764705882353,0.6390374331550802,0.6903765690376569,134,1,74
